year,co2_mt,education_pct_gdp,exports_pct_gdp,fdi_pct_gdp,gdp_growth_pct,gdp_per_capita_usd,gdp_usd,gini,health_pct_gdp,inflation_pct,internet_pct,land_area_km2,lf_participation_pct,life_expectancy,population,unemployment_pct,urban_pct
1960,,,11.5325474115838,,,,,,,39.5904436860067,,,,46.835,88296070.0,,14.6076543358271
1961,,,11.0614762816422,,5.74064582266813,,,,,13.6919315403424,,1910930.0,,47.385,90791249.0,,14.8315031668716
1962,,,5.1681521983372,,1.84197770236842,,,,,131.397849462365,,1910930.0,,48.141,93375850.0,,15.0556141743538
1963,,,9.06881077038145,,-2.23702998571657,,,,,145.910780669145,,1910930.0,,48.742,96051424.0,,15.2663218061679
1964,,,12.2520501857433,,3.52969814993797,,,,,108.994708994709,,1910930.0,,49.44,98833749.0,,15.4668037669967
1965,,,5.2762547448334,,1.08158946626055,,,,,306.763110307415,,1910930.0,,42.762,101365130.0,,15.663223950935
1966,,,12.7572016460905,,2.79134682484525,,,,,1136.2541122077,,1910930.0,,48.406,103792754.0,,15.8617462520776
1967,,,8.77565463552725,,1.38040280607036,53.2051866988581,5667756627.92093,,,106.0,,1910930.0,,51.309,106526393.0,,16.0685345645194
1968,,,10.8694615347928,,10.9151785714295,64.6547730642556,7076465299.81141,,,128.843042071197,,1910930.0,,51.888,109450006.0,,16.2897527823552
1969,,,9.0139808682855,,6.82229824913614,74.0988114128793,8337423312.88344,,,15.4798773314404,,1910930.0,,52.588,112517639.0,,16.5315647996801
1970,31.1237,,12.8443113772455,1.58873353293413,7.55463451394223,79.118823484002,9150684931.50685,,,12.399468513041,,1910930.0,,53.254,115657495.0,,16.8001345105888
1971,31.4961,,14.4199346405229,3.20425172245555,7.02399719740848,78.5428393869752,9333536369.94567,,,4.23374587741607,,1910930.0,,53.823,118833702.0,,17.1011495609793
1972,37.2634,2.78820991516113,16.5162138475022,2.30523225241017,7.03764320785962,90.1147549138956,10997590361.4458,,,6.52174091852604,,1910930.0,,54.364,122039841.0,,17.453166786076
1973,42.0333,,20.0536026297865,3.57027571297421,8.1039755351653,129.886231088685,16273253012.0482,,,31.0418824339182,,1910930.0,,54.916,125288515.0,,17.8781647506989
1974,46.9566,,28.9979454613373,0.705825550989914,7.6346729055067,200.710984454591,25802409638.5542,,,40.491811600695,,1910930.0,,55.443,128555045.0,,18.3683266057108
1975,48.7947,,22.547755586316,4.24128851064663,4.97730086669512,231.060120618497,30463855421.6867,,,19.1656916610533,,1910930.0,,55.998,131843848.0,,18.914196501399
1976,52.5271,,22.1740901420471,2.00592143120381,6.88656497352524,275.713167824796,37269156626.506,,,19.8286499927534,,1910930.0,,56.445,135173655.0,,19.5063185880508
1977,71.7987,,23.4909813946883,0.513000573361318,8.76132560106353,330.670214101079,45808915662.6506,,,11.0520846464477,,1910930.0,,57.09,138533541.0,,20.1352370159536
1978,84.4666,,21.8671414754243,0.811785370804867,6.76706985763171,362.483779779007,51455719075.8254,,,8.11259425677378,,1910930.0,,57.607,141953163.0,,20.7914959353946
1979,90.9196,,30.0658227531897,0.439687121934464,7.32430948559606,353.424175826329,51400186342.8889,,,16.2327695334308,,1910930.0,,58.18,145434834.0,,21.4656394966611
1980,90.5994,,30.4741702735352,0.248336362296103,9.88007752166418,486.620172021155,72482337397.4439,,,18.035422125313,,1910930.0,,58.701,148950540.0,,22.1466142996691
1981,95.6587,,27.6304440372406,0.155522389416403,7.92715682412874,560.830336032961,85518233419.0479,,,12.2659075874853,,1910930.0,,59.096,152485035.0,,22.8406637690508
1982,96.402,,22.379034286615,0.249560636589718,2.24644534036375,577.745632722784,90158449294.9921,,,9.44542534921144,,1910930.0,,59.7,156052152.0,,23.5724196827312
1983,95.4221,,27.7454082629556,0.360261287911682,4.1929673681999,507.682945653414,81052283383.7155,,,11.7997382076652,,1910930.0,,60.343,159651381.0,,24.3433192272382
1984,97.6447,,27.3149786111737,0.261626776354664,6.97552780884124,519.774063103241,84853700027.651,32.3,,10.4550392231412,,1910930.0,,60.891,163251124.0,,25.150523426766
1985,106.0383,,23.7776707966994,0.36346800280403,2.46214356422551,511.400883618027,85289488375.4435,,,4.72453518543398,,1910930.0,,61.387,166776185.0,,25.9911933055087
1986,117.1036,,20.4956024570461,0.322685251406443,5.87504510359864,469.834241253429,79954072544.5279,,,5.82266576732484,,1910930.0,,61.736,170175065.0,,26.8624898876605
1987,120.215,,24.5768000967818,0.507048517276106,4.92592736496611,437.60655039936,75929617557.7521,30.4,,9.27865406602839,,1910930.0,,62.087,173511154.0,,27.7615741974155
1988,128.6681,,25.041659395038,0.683272607101238,5.7804984881177,476.662483405818,84300174485.7973,,,8.04535671530907,,1910930.0,,62.386,176855065.0,,28.6856072589677
1989,134.4848,0.871410012245178,26.0875546625977,0.722064256022232,7.45658692516847,524.143027322576,94451427876.6628,,,6.41554079916364,,1910930.0,,62.883,180201630.0,,29.6317500965114
1990,161.7687,,27.3057589781449,1.02976494269192,7.24213163856464,578.420121135382,106140727333.636,31.1,,7.81919756505635,0.0,1910930.0,66.365,63.249,183501098.0,,30.5945178088725
1991,174.6593,,28.3512610672578,1.2707722797342,6.91198283591309,624.387495384411,116621996217.133,,,9.41906784347004,,1910930.0,65.946,63.703,186778238.0,2.617,31.5991952251753
1992,182.5524,,30.3074635078275,1.38798883350104,6.49750651682714,673.67103954742,128026966579.964,,,7.52351006242677,,1910930.0,66.316,64.182,190043744.0,2.734,32.6914992355049
1993,199.8507,,26.7548134217247,1.26830064559013,6.49640812045304,817.395116417856,158006700301.533,31.8,,9.6719108926401,,1910930.0,65.625,64.851,193305168.0,2.782,33.8555422228307
1994,212.7475,0.998549997806549,26.5114278515733,1.1922519299764,7.53997109551439,899.793982949817,176892143931.505,,,8.53199829189143,0.00106,1910930.0,66.798,65.041,196591828.0,4.366,35.0672005338812
1995,239.099,1.00434994697571,26.3121650131426,2.15007984011937,8.22000739903493,1011.22614205568,202132028723.115,,,9.42030300572996,0.0261,1910930.0,66.834,65.263,199888057.0,4.611,36.3023505153847
1996,252.0076,1.07854998111725,25.8245519820943,2.72419788646708,7.81818707670867,1118.92133024129,227369679374.973,34.2,,7.97328096513346,0.0566,1910930.0,66.87,65.465,203204348.0,4.861,37.5368685140699
1997,275.5207,1.07208001613617,27.8592432831317,2.16779685196237,4.69987885390397,1044.60674832472,215748998609.635,,,6.22615154887214,0.195,1910930.0,66.338,65.774,206536095.0,4.684,38.746630876665
1998,278.2434,,52.968134566078,-0.252290447660406,-13.1267254923818,454.877800792123,95445547872.715,30.9,,58.4510413515526,0.255,1910930.0,66.93,65.942,209826788.0,5.459,39.9075139498987
1999,295.25,,35.5141290838601,-1.33257354110795,0.79112608199847,657.268934667018,140001351215.462,30.8,,20.4778324428892,0.444,1910930.0,67.221,66.001,213004668.0,6.358,40.9953940804992
2000,299.0702,,40.9773084738704,-2.75743993350903,4.9200677470169,763.711124950924,165021012077.81,30.3,1.85297656,3.68862037056682,0.925563864466858,1910930.0,67.756,66.292,216077790.0,6.077,41.9861540600656
2001,319.562,2.46003007888794,39.0321390955111,-1.85568619300523,3.64346644721492,732.307093405708,160446947784.909,31.2,2.11850214,11.5001160550887,2.01861385948459,1910930.0,67.129,66.583,219097902.0,6.082,42.9018895186157
2002,324.9389,2.64568996429443,32.6876208878375,0.0741516383181159,4.49947539085764,881.002913569131,195660611165.183,30.2,1.98062706,11.9001200338414,2.13413573295808,1910930.0,65.977,66.954,222088495.0,6.604,43.7824069030376
2003,353.623,3.21799993515015,30.4776547809661,-0.254256320381005,4.78036912167654,1043.2105838671,234772463823.808,29.3,2.24837184,6.75731256333564,2.38701977959476,1910930.0,65.671,67.134,225048008.0,6.657,44.6301761521872
2004,360.1513,2.74846005439758,32.2166946182599,0.738243979887563,5.03087394501685,1126.84004447173,256836875295.452,30.4,2.12002277,6.06406189133648,2.60028587633414,1910930.0,65.675,65.521,227926649.0,7.303,45.4476736441888
2005,362.597,2.87281990051269,34.0672676279992,2.91611483313067,5.69257130383384,1238.21447629488,285868619196.085,29.9,2.53189397,10.4532001873347,3.60202476259646,1910930.0,64.399,67.531,230871650.0,7.945,46.2373757571669
2006,383.4194,,31.0347163143166,1.34794264068931,5.50095178520348,1558.31562847163,364570515618.357,31.5,2.61946416,13.108670985346,4.76481313366657,1910930.0,64.208,67.664,233951652.0,7.551,47.0017588692457
2007,401.7934,3.04426002502441,29.4357184851264,1.6030105718879,6.34502222667214,1823.21976255073,432216737774.861,33.2,2.82385564,6.40656087966005,5.78627472934199,1910930.0,66.227,67.914,237062337.0,8.06,47.7432993585496
2008,397.2554,2.90190005302429,29.8082841673732,1.82632902403998,6.01370360009123,2124.55483920618,510228634992.258,32.6,2.54842305,10.2266663272483,7.917500019,1910930.0,66.373,68.085,240157903.0,7.208,48.4644736032029
2009,411.3491,3.52513003349304,24.1591196686279,0.90391941965406,4.62887118256153,2218.48541852977,539580085612.401,33.4,2.62324095,4.38641311792074,6.92,1910930.0,66.047,68.267,243220028.0,6.106,49.16775798133
2010,443.682,2.81227993965149,24.2990309366408,2.02517914569356,6.22385418062366,3065.68348377765,755094157621.936,34.6,2.7908783,5.13420639015885,10.92,1910930.0,66.583,68.364,246305322.0,5.614,49.8521375148888
2011,499.9362,3.18944001197815,26.3273530888836,2.30298429381592,6.16978420771008,3579.46442466152,892969104563.171,37.9,2.98942471,5.35604849112582,12.28,1910930.0,66.913,68.629,249470032.0,5.153,50.4830017089844
2012,504.2572,3.40748000144958,24.5943787881769,2.30978031853073,6.03005065305615,3632.27254030331,917869913332.649,37.1,2.91427088,4.2795142691943,14.52,1910930.0,67.416,68.862,252698525.0,4.468,51.1593933105469
2013,474.9651,3.35904002189636,23.9235763793605,2.55135633401058,5.5572636889101,3566.60284506078,912524136718.018,38.9,2.86934805,6.41249457900391,14.94,1910930.0,66.757,69.064,255852467.0,4.336,51.8307495117188
2014,505.0762,3.28800988197327,23.6659845969367,2.81997260412102,5.006668425755,3441.06808464008,890814755533.537,38.8,2.96433568,6.39492882396559,17.1431598350566,1910931.0,66.624,69.292,258877399.0,4.049,52.5002136230469
2015,512.3973,3.58361005783081,21.1601792598059,2.29761639380441,4.87632230022123,3288.22269725538,860854232686.214,38.2,2.92428517,6.36312061196646,22.062742603379,1913580.0,66.578,69.52,261799249.0,4.514,53.1720771789551
2016,507.0965,1.21023452496964,19.0889938536664,0.487372471368879,5.03306918280177,3521.46943457574,931877364037.698,36.9,3.02147198,3.52580452815451,25.447353701827,1913580.0,66.314,69.733,264627418.0,4.301,53.812557220459
2017,535.7474,1.05324382490056,20.1773044351106,2.01948919812582,5.06978590134916,3798.88326174526,1015618744159.73,36.4,2.90417194,3.80879857691949,32.335806250688,1916820.0,66.694,69.953,267346658.0,3.783,54.4541015625
2018,596.4692,0.994436460846179,21.0027464972455,1.81428979349441,5.17429153955024,3860.95353090726,1042271532988.63,36.3,2.86757827,3.19834755924996,39.9046386385762,1916862.2,67.652,70.08,269951846.0,4.387,55.0956840515137
2019,637.5692,0.964399077622927,18.5915277970883,2.23336204282241,5.01928768046282,4106.94856160358,1119099871350.2,35.4,2.87862897,3.03058460941661,47.6906489788375,1916906.77,68.238,70.349,272489381.0,3.59,55.7382049560547
2020,596.2839,1.01593221347809,17.3311682848923,1.81058402027127,-2.06551182934165,3853.70288774146,1059054842698.48,35.3,3.42067289,1.91983527270793,53.72649449,1916906.77,67.401,68.817,274814866.0,4.255,56.2785287648768
2021,622.6868,1.03221750658374,21.4165556390653,1.7878556314554,3.70288562827751,4287.17313995098,1186509691086.73,35.5,3.70634937,1.56007882983334,62.10447842,1916906.77,65.868,67.452,276758053.0,3.827,56.8761702464027
2022,722.6996,0.863943349575907,24.5029116862832,1.87264100861425,5.30719722664799,4730.83484836107,1319101183380.15,35.5,2.69389749,4.20946463714784,66.48461277,1916906.77,67.018,70.925,278830529.0,3.462,57.4934704226599
2023,772.5618,1.27517088245674,21.8085632197562,1.57116966408747,5.04883117855516,4876.2992959843,1371166925749.88,36.1,2.70239949,3.66938654859761,69.20836554,1916906.77,67.899,71.146,281190067.0,3.308,58.1179353397878
2024,812.2042,,22.3096487702606,1.73855290316368,5.03257477088519,4925.43644992666,1396301788461.69,34.9,,2.18151273615189,72.78075544,,67.927,71.288,283487931.0,3.301,58.7509635387997
2025,,,22.8465482987858,1.54140671670434,5.10808904438025,5059.62596411213,1445642584163.81,34.4,,1.9133344329508,,,67.965,,285721236.0,3.237,59.3929063969984
