,co2_mt,education_pct_gdp,exports_pct_gdp,fdi_pct_gdp,gdp_growth_pct,gdp_per_capita_usd,gdp_usd,gini,health_pct_gdp,inflation_pct,internet_pct,land_area_km2,lf_participation_pct,life_expectancy,population,unemployment_pct,urban_pct
co2_mt,1.0,-0.13,-0.05,0.17,-0.25,0.95,0.95,0.66,0.66,-0.4,0.93,0.72,0.43,0.9,0.96,-0.26,0.97
education_pct_gdp,-0.13,1.0,0.32,-0.01,0.05,-0.15,-0.18,-0.13,-0.37,0.31,-0.5,-0.59,-0.39,-0.03,-0.06,0.57,-0.0
exports_pct_gdp,-0.05,0.32,1.0,-0.57,-0.14,-0.13,-0.15,-0.67,-0.82,-0.3,-0.59,-0.14,-0.21,0.62,0.47,0.5,0.41
fdi_pct_gdp,0.17,-0.01,-0.57,1.0,0.24,0.31,0.31,0.64,0.68,-0.14,0.3,0.19,-0.09,-0.0,0.09,-0.3,0.1
gdp_growth_pct,-0.25,0.05,-0.14,0.24,1.0,-0.13,-0.14,0.17,-0.27,-0.18,-0.03,-0.13,-0.15,-0.0,-0.08,-0.09,-0.12
gdp_per_capita_usd,0.95,-0.15,-0.13,0.31,-0.13,1.0,1.0,0.81,0.78,-0.36,0.88,0.77,0.48,0.78,0.89,-0.45,0.89
gdp_usd,0.95,-0.18,-0.15,0.31,-0.14,1.0,1.0,0.78,0.77,-0.34,0.91,0.8,0.49,0.76,0.87,-0.46,0.87
gini,0.66,-0.13,-0.67,0.64,0.17,0.81,0.78,1.0,0.73,-0.39,0.52,0.46,0.41,0.65,0.68,-0.65,0.64
health_pct_gdp,0.66,-0.37,-0.82,0.68,-0.27,0.78,0.77,0.73,1.0,-0.56,0.61,0.54,0.13,0.54,0.8,-0.57,0.8
inflation_pct,-0.4,0.31,-0.3,-0.14,-0.18,-0.36,-0.34,-0.39,-0.56,1.0,-0.37,-0.1,-0.12,-0.42,-0.33,0.23,-0.29
internet_pct,0.93,-0.5,-0.59,0.3,-0.03,0.88,0.91,0.52,0.61,-0.37,1.0,0.93,0.44,0.76,0.86,-0.69,0.82
land_area_km2,0.72,-0.59,-0.14,0.19,-0.13,0.77,0.8,0.46,0.54,-0.1,0.93,1.0,0.41,0.43,0.57,-0.46,0.59
lf_participation_pct,0.43,-0.39,-0.21,-0.09,-0.15,0.48,0.49,0.41,0.13,-0.12,0.44,0.41,1.0,0.38,0.39,-0.48,0.36
life_expectancy,0.9,-0.03,0.62,-0.0,-0.0,0.78,0.76,0.65,0.54,-0.42,0.76,0.43,0.38,1.0,0.96,-0.13,0.93
population,0.96,-0.06,0.47,0.09,-0.08,0.89,0.87,0.68,0.8,-0.33,0.86,0.57,0.39,0.96,1.0,-0.21,0.99
unemployment_pct,-0.26,0.57,0.5,-0.3,-0.09,-0.45,-0.46,-0.65,-0.57,0.23,-0.69,-0.46,-0.48,-0.13,-0.21,1.0,-0.12
urban_pct,0.97,-0.0,0.41,0.1,-0.12,0.89,0.87,0.64,0.8,-0.29,0.82,0.59,0.36,0.93,0.99,-0.12,1.0
