indicator,year,value
gdp_usd,2026,1470159632321.66
gdp_usd,2027,1529488500480.68
gdp_usd,2028,1591211608366.9
gdp_usd,2029,1655425576462.89
gdp_usd,2030,1722230924408.63
gdp_per_capita_usd,2026,5062.74
gdp_per_capita_usd,2027,5215.83
gdp_per_capita_usd,2028,5373.55
gdp_per_capita_usd,2029,5536.03
gdp_per_capita_usd,2030,5703.43
population,2026,298062759.06
population,2027,301870191.78
population,2028,305726260.37
population,2029,309631586.12
population,2030,313586798.22
urban_pct,2026,61.75
urban_pct,2027,62.55
urban_pct,2028,63.35
urban_pct,2029,64.15
urban_pct,2030,64.95
life_expectancy,2025,71.92
life_expectancy,2026,72.17
life_expectancy,2027,72.42
life_expectancy,2028,72.68
life_expectancy,2029,72.93
internet_pct,2025,69.91
internet_pct,2026,72.73
internet_pct,2027,75.13
internet_pct,2028,77.16
internet_pct,2029,78.9
inflation_pct,2026,2.41
inflation_pct,2027,2.65
inflation_pct,2028,2.78
inflation_pct,2029,2.84
inflation_pct,2030,2.87
co2_mt,2025,774.4
co2_mt,2026,803.96
co2_mt,2027,834.65
co2_mt,2028,866.51
co2_mt,2029,899.59
